time,pelvis_tilt,pelvis_list,pelvis_rotation,pelvis_tx,pelvis_ty,pelvis_tz,hip_flexion_r,hip_adduction_r,hip_rotation_r,knee_angle_r,ankle_angle_r,subtalar_angle_r,mtp_angle_r,hip_flexion_l,hip_adduction_l,hip_rotation_l,knee_angle_l,ankle_angle_l,subtalar_angle_l,mtp_angle_l,lumbar_extension,lumbar_bending,lumbar_rotation,arm_flex_r,arm_add_r,arm_rot_r,elbow_flex_r,pro_sup_r,arm_flex_l,arm_add_l,arm_rot_l,elbow_flex_l,pro_sup_l
42.2,-1.016782086315887,-0.7826324057069978,6.318050655831051,0.1413971245697121,0.8959784464311378,0.107529952554839,23.29334852489666,3.0445093340773366,1.5228527982946793,15.64759152569218,6.784059220738696,-13.809213636868398,0.0,-11.619885487611226,1.352085839854183,12.461695435295438,28.59043059411629,-10.319016627780917,-6.420323143706662,0.0,-9.14459453032231,1.5057917127292282,-9.811771839565811,-36.884232651978515,-14.411997858158879,-4.711029538074604,88.17028943798422,98.70223608854265,17.184593583303723,-10.199587421837249,22.76865724784604,122.64531756679861,97.93886618563057
42.207000014,-0.902494554374475,-0.8820245756944954,6.261011159242484,0.14213620354172365,0.8931680161737241,0.10776954472406172,22.70285408833828,3.292606759747269,1.839760464611511,15.331998259905449,7.094517914638554,-13.431045722820523,0.0,-10.887569356769708,1.1619940414721956,12.051053308732994,31.186868248980428,-11.208274918052691,-7.1407192483035224,0.0,-9.136289838227666,1.7072750527227636,-9.811141200226666,-36.400850706157115,-14.492580231568413,-4.435438617890949,88.37799282487644,98.8939069624536,16.59641462656448,-10.416959723053074,22.857599404775385,122.35798540297246,97.88410429370285
42.214000028,-0.7882070224330632,-0.9814167456819931,6.203971662653917,0.14287528251373519,0.8903575859163103,0.10800913689328442,22.112359651779897,3.5407041854172006,2.1566681309283426,15.01640499411872,7.404976608538411,-13.052877808772646,0.0,-10.155253225928188,0.9719022430902082,11.640411182170551,33.783305903844564,-12.097533208324467,-7.8611153529003825,0.0,-9.127985146133023,1.9087583927162988,-9.810510560887522,-35.917468760335716,-14.573162604977947,-4.159847697707293,88.58569621176868,99.08557783636455,16.00823566982524,-10.6343320242689,22.946541561704727,122.07065323914631,97.82934240177511
42.221000016,-0.6466620349106853,-1.1214959113709715,6.141966986017844,0.14374256532407198,0.8867863440383579,0.1082170231394483,21.56064054210603,3.8484398787737186,2.464327992706168,15.177024814269128,7.75788272677623,-12.934492871007677,0.0,-9.296756824462086,0.71469396002266,11.187206228999456,36.58614526725901,-12.775380402182938,-8.864375175692015,0.0,-9.158577003076813,2.1799501887854666,-9.723604547169266,-35.453935734585365,-14.658979531770882,-3.8807139152907224,88.80580034934407,99.27965078130272,15.315695429478996,-10.823792973622494,22.99310278900936,121.71648156503328,97.78100869053569
42.227999988,-0.48834322856925133,-1.2866132282608609,6.076906813967921,0.14468874280414737,0.8827469103939202,0.10840539804834519,21.032783172053396,4.192876044552751,2.7662968978446036,15.630698841150085,8.136910336914333,-12.975974380186036,0.0,-8.360611025688549,0.41618322484092035,10.707808767146114,39.51600106670443,-13.32312845978707,-10.041704978911199,0.0,-9.213105197890409,2.494039496285793,-9.583605995371556,-35.00261742887874,-14.748017722184372,-3.599399909961588,89.03353571810912,99.4752019237961,14.558932860759208,-10.996077706445485,23.013583444237245,121.32117788458983,97.73663078279674
42.23499997,-0.3239433933918588,-1.4632487924613382,6.013643691061722,0.14566009958475007,0.8785295755476175,0.10860262584025912,20.51929620510063,4.557220848917832,3.0582031231532643,16.234374080892046,8.545578248121437,-13.10332300732675,0.0,-7.378905712822351,0.09363107820108098,10.227143130058115,42.491578781470125,-13.796055679664898,-11.318707854357541,0.0,-9.278806442659828,2.8266869106958508,-9.409947607027295,-34.54176810461435,-14.839789537735726,-3.3015798625632096,89.24487145587749,99.67168331056328,13.756799299968327,-11.15229956730674,23.00961096484304,120.89243586939212,97.69433143266143
42.241999983999996,-0.1400842659393986,-1.6767427480556958,5.956131125415436,0.14671203012704,0.8737429568553471,0.10882818285782764,20.05179452806745,4.985273296758266,3.3179087730066437,17.31805320178922,9.049095122749346,-13.50544641194701,0.0,-6.251409954859638,-0.30585358510467775,9.742419332219226,45.61346662526073,-14.029556218818556,-12.914664560930799,0.0,-9.380261447287882,3.2187202672170514,-9.128577741734073,-34.05041952096508,-14.94030895372824,-2.9509404805432515,89.40372837445649,99.87114147900657,12.80947856454994,-11.257120237890447,22.927388454658168,120.35669118298073,97.65868346685768
42.248999998,0.04377486151306159,-1.8902367036500531,5.898618559769151,0.14776396066932998,0.8689563381630767,0.10905373987539616,19.584292851034267,5.413325744598701,3.5776144228600235,18.401732322686396,9.552611997377255,-13.907569816567271,0.0,-5.1239141968969255,-0.7053382484104365,9.257695534380336,48.73535446905132,-14.263056757972214,-14.510621267504055,0.0,-9.481716451915938,3.6107536237382516,-8.84720787644085,-33.55907093731581,-15.040828369720753,-2.600301098523293,89.56258529303551,100.07059964744987,11.862157829131554,-11.361940908474153,22.84516594447329,119.82094649656933,97.62303550105395
42.256000012,0.22842818766687475,-2.117467156069595,5.855472605810834,0.14873096148465403,0.8640777554921546,0.10939468197985767,19.152933140993955,5.8825312517122,3.7879690474941867,19.845875669749734,10.204778147387168,-14.505276983186263,0.0,-3.8304724068575826,-1.1537226843095274,8.833005017261483,51.88909399337145,-14.234062484887414,-16.35166991708412,0.0,-9.61040666319213,4.020563831487702,-8.453339726608135,-32.9355746661808,-15.155891302572547,-2.11604251726193,89.58170087303957,100.27337198958203,10.73945482724098,-11.40561140573784,22.6535751955311,119.10962666305105,97.59316934374847
42.263000026,0.41321388027091344,-2.3469870246266678,5.8147210871338455,0.14968380734548378,0.8591838454914571,0.10975485493213472,18.72759709211912,6.358595602037877,3.99009850125848,21.350096387840768,10.881719176627417,-15.135581443471713,0.0,-2.5093729448054676,-1.6102570823075069,8.418320046929303,55.048142131113174,-14.161319076429539,-18.233567223831983,0.0,-9.743636075576347,4.433336847775194,-8.040721862685505,-32.29005378046484,-15.273378154900886,-1.6095140694603327,89.57752622994781,100.47669669399568,9.587521447605045,-11.43909020744819,22.443756406796023,118.36904430501495,97.56426682119272
42.270000020000005,0.5857755851552461,-2.5662714036525367,5.781485114787232,0.1504800059421657,0.8545494053935522,0.11022197932225844,18.30549252732725,6.834149896977889,4.164174249317681,22.934635423616665,11.646250985236387,-15.796014870628913,0.0,-1.0941519328830878,-2.0614338368804077,8.066981503500099,58.14664671074582,-13.9401425165986,-20.154302818726944,0.0,-9.885649378411866,4.824022763298119,-7.575388331914658,-31.514931714331286,-15.398155059709252,-0.9918842702352991,89.47174810081484,100.68065723432713,8.339270681698535,-11.444455163453883,22.1684525942426,117.4975418390455,97.53748514083492
42.276999992,0.7448909035479022,-2.774296744194082,5.756516243404033,0.15110389254828502,0.850200382188719,0.11080675029401355,17.886942595026643,7.3091431309936725,4.3073909211012795,24.607524608845917,12.50713265115095,-16.48959016134504,0.0,0.4246027838965838,-2.5067171836857223,7.785324029664168,61.178553376458474,-13.555689490257295,-22.117760530583702,0.0,-10.03732496074382,5.190412867980023,-7.052067567610769,-30.59724834973839,-15.530951022245647,-0.25204298444448536,89.25420613703656,100.88531719416817,6.985070790894396,-11.418894889184456,21.821115255488987,116.48202725434936,97.5130363868949
42.283999968,0.8993736938442332,-2.9771148994513865,5.731982805353124,0.15168087675186237,0.8459532810141028,0.11141851714614984,17.46415103424283,7.779152180914608,4.446110336908104,26.271715355453846,13.381018552815869,-17.174525881624508,0.0,1.9609210858535873,-2.943838240541815,7.519195451647442,64.18236896432431,-13.141879595296038,-24.067145054860955,0.0,-10.189596590274101,5.546402044707028,-6.520649595836753,-29.64571590919164,-15.663507874660455,0.513291376556477,89.01941398760223,101.08952431873499,5.613832693224589,-11.39012980984562,21.461306961134678,115.43637803275847,97.488709074016
42.290999982,1.0098474672254747,-3.130464794508404,5.711585983958975,0.15181228813129127,0.84267443912655,0.11228674486190751,17.00106400286852,8.20181148193448,4.542105820935576,27.853270935159223,14.378444694109175,-17.777385682755714,0.0,3.66409344699525,-3.303417542880303,7.40059138391316,66.91931931264526,-12.449179448445229,-25.88283429713286,0.0,-10.347530668188494,5.803582405862485,-5.912308153096522,-28.372617247083284,-15.793793180920204,1.5208099520538536,88.62074507443565,101.28942950819693,4.080731630330957,-11.330919082347389,20.983024588573763,114.10444976066732,97.46553545121779
42.297999995999994,1.1203212406067165,-3.2838146895654217,5.691189162564825,0.15194369951072018,0.8393955972389973,0.11315497257766519,16.537976971494214,8.62447078295435,4.638101304963047,29.434826514864604,15.37587083540248,-18.380245483886924,0.0,5.367265808136914,-3.6629968452187907,7.281987316178878,69.6562696609662,-11.756479301594418,-27.698523539404768,0.0,-10.505464746102884,6.060762767017943,-5.303966710356289,-27.099518584974923,-15.924078487179953,2.5283285275512304,88.22207616126906,101.48933469765886,2.547630567437325,-11.271708354849158,20.504742216012847,112.77252148857619,97.44236182841959
42.30500001,1.1854855088704328,-3.38178328260088,5.661383894992594,0.15169694124857105,0.8371021972788809,0.1142244637904373,16.000380837309958,8.977969693650383,4.715083573595652,30.78574630864668,16.39679566108654,-18.839141311693837,0.0,7.1707932684762365,-3.9165553479551845,7.271465621751765,72.06796744865774,-10.869541161042976,-29.268258718852383,0.0,-10.65894501466832,6.20688594140584,-4.652043149987556,-25.55495034672061,-16.026883641180646,3.706349030651575,87.78359712215628,101.67959163775622,0.9183871216495088,-11.213137045663089,19.94775521659315,111.22851452227431,97.41687017774757
42.312000024,1.2325259750871393,-3.4575993548277153,5.62781524894913,0.1512989151297907,0.8352029740897391,0.1153744604020152,15.432981062001721,9.30380444821688,4.784460556070311,32.04441178805944,17.427119960526895,-19.240451550171034,0.0,9.014462768494623,-4.127705530850741,7.304176876647518,74.3495642120975,-9.904907823011282,-30.739612273170284,0.0,-10.810643759494175,6.308586241086712,-3.982686742567421,-23.901794278007916,-16.11869673427772,4.952570304793106,87.32919403266506,101.86598927810776,-0.7493132772959812,-11.154821503801884,19.35928636642995,109.59967607828811,97.39045131592601
42.319000024,1.256602141740252,-3.5038514412470487,5.583636612666951,0.15075571187240278,0.8337867581855322,0.11658975700644741,14.8128176730999,9.586201908985531,4.852467442500211,33.1387433499986,18.42265521464785,-19.556729185417677,0.0,10.88043981972077,-4.276426954806111,7.3714050907423605,76.4336649000703,-8.875890773963516,-32.05790427600434,0.0,-10.95533083315474,6.351075655628574,-3.299048886102994,-22.13413254963048,-16.18258593261827,6.249018358477915,86.92142353931852,102.0449393543593,-2.4424088492110054,-11.109469646604133,18.744153258157347,107.9050646672616,97.36116865643613
42.325999996,1.2347497092661763,-3.490975556051377,5.518237995907342,0.14992215433779973,0.833336556851195,0.1179356535965883,14.087127057010909,9.781724782158493,4.9177341368405925,33.904407076990545,19.34861237813,-19.702941614203215,0.0,12.791031973362443,-4.300290860881111,7.507667223235381,78.12277343710915,-7.718106302883603,-33.07007317587068,0.0,-11.085994564484729,6.275143299892417,-2.586848131549982,-20.137459501923548,-16.190627341445786,7.645919971249281,86.60691823826137,102.20899430241084,-4.1862947670651,-11.09004515873329,18.07569163366596,106.07890732215441,97.32615840160959
42.332999968,1.2128972767921007,-3.4780996708557055,5.452839379147734,0.14908859680319667,0.832886355516858,0.11928155018672917,13.361436440921917,9.977247655331455,4.983000831180974,34.67007080398249,20.27456954161215,-19.849154042988754,0.0,14.701624127004113,-4.324154766956109,7.643929355728401,79.81188197414798,-6.560321831803693,-34.08224207573703,0.0,-11.216658295814716,6.199210944156259,-1.8746473769969698,-18.140786454216617,-16.198668750273303,9.042821584020647,86.29241293720423,102.37304925046237,-5.930180684919193,-11.070620670862445,17.407230009174576,104.25274997704722,97.29114814678304
42.33999998,1.126800713059132,-3.379489674271354,5.343331852389418,0.1480102182750927,0.8336850069679003,0.12065146788059633,12.454659576944376,10.027597472333456,5.059791981602959,34.88363652666934,20.971407375045835,-19.75232982783399,0.0,16.5914475409174,-4.159708409908917,7.814921031980818,80.84356834703706,-5.322831701644249,-34.644780989700735,0.0,-11.309362441233862,5.958040397233237,-1.13337446895612,-15.896828239855207,-16.09122645674084,10.467744075193227,86.31972766426327,102.51006204622767,-7.689763684411968,-11.11971850175233,16.695053277293344,102.40522567901641,97.24379045318973
42.346999994,1.0374919427632185,-3.2765929721175686,5.231618880131165,0.14691959869731366,0.8345461010582115,0.12202258662964982,11.53882840057241,10.07068863652691,5.1371593548290235,35.069597349140935,21.656789241977094,-19.643353780482208,0.0,18.480232517844264,-3.9858465397056144,7.987649185421203,81.84238361171865,-4.08135628853083,-35.18483840436931,0.0,-11.400168607357466,5.708607940750871,-0.3906479532408782,-13.640505767161073,-15.978009978090379,11.894067610285868,86.3641333927281,102.64572273437867,-9.450131537986676,-11.17224244858025,15.980690790042619,100.55663303333941,97.19581538765809
42.354000008,0.9121802417971654,-3.1254004475132438,5.089278798682887,0.14579418290034643,0.8360004991936895,0.12328055878952904,10.51495831258569,10.01995740903725,5.223409542312774,34.92506753495641,22.14668186861397,-19.409621551157425,0.0,20.307815131415914,-3.708013038117455,8.143504391377123,82.41851441508963,-2.857457383552414,-35.49695651886662,0.0,-11.455354014776072,5.375927897224342,0.36496570984551,-11.299775381136808,-15.788582158236128,13.267231769982985,86.72046440545306,102.7641226423642,-11.192393096050074,-11.276126235014335,15.259076919412172,98.81874850565433,97.13985537966371
42.361000022000006,0.7598663428285075,-2.937986056071015,4.923968385342089,0.14464266993898803,0.8378998753630427,0.12445367100752759,9.410059040887909,9.898859387785256,5.31632184048979,34.53266974327981,22.489957565030053,-19.082322185352893,0.0,22.089495972471152,-3.3522008129906538,8.286704886719694,82.67763187247765,-1.6467408596752502,-35.63812015823547,0.0,-11.483823853165928,4.980812163414691,1.1302447334602583,-8.895739060114945,-15.541995832479033,14.60052639813346,87.31073938137307,102.86957696522565,-12.921074932479986,-11.418529901153045,14.53202451124693,97.16389506646317,97.07790666482231
42.368000028000004,0.5964672350967168,-2.736290336756613,4.74864541164026,0.14351043550383963,0.8399357850981702,0.1255478106159099,8.275628612550994,9.746130162977693,5.410038425465803,34.04453216270057,22.759274654440894,-18.72340417774103,0.0,23.83754693585926,-2.968363916187482,8.415177792274235,82.79511466953764,-0.4603407870280132,-35.72611654372525,0.0,-11.496116530480293,4.566450075220385,1.8988942905304294,-6.486992975398992,-15.274328430909625,15.897163124944344,88.02421885839992,102.9696414120493,-14.63785134776156,-11.577049371254786,13.808003199673584,95.5842043031489,97.01404479952161
42.375,0.38595599012161175,-2.473898973985479,4.530769056404052,0.14246013480508363,0.842551962487839,0.12630631663342323,7.015690768497773,9.458968323058947,5.507173229337559,33.149500479285074,22.714267664079436,-18.230106942448007,0.0,25.442670919162087,-2.4654221647597376,8.48105844122966,82.31065016020348,0.6227143678920352,-35.588152100228925,0.0,-11.439656273223822,4.070290980891295,2.681868614786148,-4.058230394983165,-14.917066457137892,17.038003771061963,89.26131746513082,103.04679888571229,-16.30402972316269,-11.804061008199408,13.096864048615783,94.32395491231136,96.94205204476896
42.381999971999996,0.17544474514650665,-2.211507611214344,4.3128927011678435,0.14140983410632765,0.8451681398775077,0.12706482265093655,5.755752924444551,9.171806483140204,5.604308033209313,32.25446879586958,22.669260673717975,-17.736809707154983,0.0,27.04779490246491,-1.9624804133319935,8.546939090185083,81.82618565086932,1.7057695228120835,-35.4501876567326,0.0,-11.383196015967352,3.5741318865622054,3.4648429390418665,-1.629467814567339,-14.559804483366158,18.178844417179583,90.49841607186173,103.12395635937527,-17.97020809856382,-12.031072645144032,12.385724897557983,93.06370552147382,96.87005929001629
42.388999977999994,-0.07790726259960201,-1.8979203503857747,4.060151422049192,0.14053036930804536,0.8481251421301367,0.12737197565860228,4.41661356259216,8.75750173666461,5.68668353487914,31.053566195865518,22.3180287360701,-17.148968748551983,0.0,28.468051069230107,-1.3764615366289312,8.533851662033873,80.76273717426258,2.627538112146259,-35.18633217535918,0.0,-11.244640106663843,3.037660861197111,4.258803551584675,0.7218278060686074,-14.156916739368457,19.112435565690685,92.23396420484944,103.18134968342349,-19.571606650369553,-12.303029684464954,11.704505105304854,92.22480873909925,96.79685683501184
42.395999992,-0.34133944982124087,-1.572286995896632,3.79920663142879,0.13969110119222744,0.851162338468168,0.1275729279580686,3.058838549492906,8.313281012175636,5.765586259560277,29.78069396842885,21.89474386964895,-16.538882207993694,0.0,29.84480892622175,-0.7708951010375589,8.502183509857575,79.56305717594466,3.511356921342582,-34.8928552733088,0.0,-11.086767573349265,2.491704675588251,5.055349173136212,3.054895906756346,-13.743293520023471,19.997262126529666,94.08679457930936,103.23409261932706,-21.15776289074108,-12.585562112580298,11.030325162182235,91.48505374695124,96.72336974465405
42.403000006,-0.6238220170574952,-1.2254940485064296,3.5272769003772693,0.13897023041800652,0.8542810320769673,0.1275268405037398,1.68785460376051,7.811462347413717,5.825741333036642,28.409616992792824,21.329849221385665,-15.894377156687602,0.0,31.106491082628256,-0.14121606329838876,8.432009837383829,78.07631275266023,4.288602700267725,-34.57327633662933,0.0,-10.884066458176214,1.944631787951626,5.854407787029624,5.300999440497959,-13.336064806802591,20.762608307166857,96.12352931314163,103.27803256790601,-22.70276476412345,-12.873423766535563,10.37764134733054,90.97363163273144,96.653983755375
42.41000002,-0.9317050909799032,-0.8504883105814809,3.2407005820842567,0.1384072227659149,0.8575083887134568,0.12715136671101746,0.2992587478505915,7.232846428954533,5.860899538239977,26.90760035289099,20.57614153066621,-15.203980757717776,0.0,32.21473897158792,0.5206131106378447,8.310495471180156,76.20681576275379,4.9237511054979635,-34.21889468711108,0.0,-10.621593900525202,1.3960699642779806,6.656817057378869,7.431150218311403,-12.937362101747189,21.368647314201667,98.40546985947039,103.31023520005213,-24.192894148186955,-13.16839105494405,9.753619036840076,90.76665335574926,96.5900659008676
42.417000032,-1.2409718926634603,-0.47399099503949094,2.9540198211153625,0.1378589638383211,0.8607368514517179,0.12675401427154942,-1.087631144270376,6.649722410540187,5.893044175266704,25.402167973418173,19.809445766539188,-14.51095387774564,0.0,33.30851415584243,1.1829997568041666,8.18607469085926,74.308106784114,5.545726800183732,-33.86371666308152,0.0,-10.354886049384207,0.8491117256257565,7.458763211655585,9.547495082400944,-12.542602328028083,21.962288994569835,100.6926379843903,103.34156834036384,-25.677137757886605,-13.462067242308729,9.132474381894886,90.58019854648815,96.52711120633313
42.424000004,-1.5779132495700052,-0.06766212715667258,2.6652502066288326,0.13760567940068372,0.8639874362254057,0.12591908889716763,-2.4404017606123265,5.976436393022604,5.864917448761272,23.828420802525642,18.782988534260863,-13.76531737772737,0.0,34.11283524599365,1.8565358475722629,8.003525628193888,71.82515803080743,5.904248283980098,-33.49261114882577,0.0,-10.003472328443582,0.33422518740196316,8.251447044481703,11.387721672012393,-12.226701181034949,22.30798414160528,103.0843576811333,103.355511643987,-27.043665880309185,-13.729921408797196,8.568882837855146,90.80421309164866,96.48341971125707
42.430999976,-1.9148546064765504,0.3386667407261458,2.376480592142303,0.13735239496304633,0.8672380209990936,0.12508416352278584,-3.793172376954278,5.303150375505021,5.83679072225584,22.25467363163311,17.756531301982537,-13.019680877709101,0.0,34.91715633614488,2.5300719383403596,7.820976565528516,69.34220927750086,6.262769767776463,-33.12150563457003,0.0,-9.652058607502957,-0.18066135082183032,9.04413087730782,13.227948261623844,-11.910800034041813,22.653679288640724,105.4760773778763,103.36945494761017,-28.41019400273176,-13.997775575285662,8.005291293815407,91.02822763680918,96.439728216181
42.437999976,-2.2544135837664614,0.7492413911160618,2.10318531341676,0.13730966342415624,0.8704171544035949,0.12408690565424298,-5.081099973715754,4.6050960163306005,5.761409041929249,20.741117218178168,16.578068804519912,-12.252794244148294,0.0,35.496942385350046,3.1829830677497237,7.624053534553828,66.5018495964843,6.439259818745575,-32.72814244320469,0.0,-9.26544475524552,-0.6566970975766416,9.813188815272964,14.833350703201985,-11.680549336670868,22.862996818867448,107.69401247076242,103.37112971328497,-29.664550744161822,-14.234697992026536,7.491929690752115,91.42217132698752,96.41444135888808
42.44499999,-2.5952813712480562,1.1619389327595266,1.8376272025717102,0.13737220833463978,0.8735605621235026,0.12300848153861961,-6.336606060686993,3.89465748632776,5.662399884692079,19.257656183442016,15.323603674465136,-11.47528254381622,0.0,35.96446091408219,3.8255817164797223,7.419943519424481,63.48278445161276,6.524734153301058,-32.32365041328457,0.0,-8.861230837329678,-1.1133074485969618,10.57043380580762,16.32134107076347,-11.493123864111014,23.004125540689802,109.82505526172011,103.36667020998559,-30.862821795095623,-14.456154533893612,7.003683058177046,91.9010795896748,96.39835682048675
42.452000004000006,-2.927172115426666,1.5672808235104447,1.5849527458200847,0.13751826838855277,0.8766373760115167,0.12192924934943321,-7.54885756009093,3.193408849084145,5.544601927016132,17.8474068727302,14.011544056471509,-10.698435643860334,0.0,36.32832693633738,4.4477531435196385,7.2209294530653345,60.34516355689883,6.5461547358502665,-31.88924601238956,0.0,-8.457196295792604,-1.5486645187590842,11.307418781718187,17.699167848610355,-11.34576941335319,23.110257965166287,111.79489153978403,103.35624865449768,-31.99757842348579,-14.666404936480266,6.543229796737284,92.39955496122963,96.39065118877325
42.459000018,-3.2366202513478144,1.9542335870299952,1.3644874243020197,0.1378731163010393,0.8795477053197964,0.12084799697633926,-8.652972590576615,2.515134943738593,5.379831968243243,16.620186872079227,12.555498218630758,-9.923250744844923,0.0,36.43306169240022,5.01885651633435,7.034655258631687,56.911153287578955,6.407440938383791,-31.38006068405734,0.0,-8.053610195202458,-1.9308883867757114,11.99375372106854,18.801585652170736,-11.298592517100436,23.12889964627809,113.3617115356136,103.33092196853845,-32.97354899551687,-14.848639990865864,6.15225996313579,92.94694810495335,96.40389282377932
42.466000032,-3.546068387268963,2.341186350549546,1.1440221027839548,0.1382279642135258,0.8824580346280761,0.11976674460324531,-9.757087621062299,1.8368610383930404,5.215062009470353,15.392966871428252,11.099452380790009,-9.14806584582951,0.0,36.53779644846306,5.589959889149061,6.84838106419804,53.477143018259085,6.268727140917315,-30.870875355725122,0.0,-7.650024094612309,-2.3131122547923386,12.68008866041889,19.904003455731118,-11.251415620847682,23.14754132738989,114.92853153144314,103.3055952825792,-33.949519567547945,-15.030875045251461,5.761290129534294,93.49434124867706,96.41713445878538
42.473000008,-3.7887467006721813,2.6738270501095793,0.976509967315124,0.13880019359456952,0.8850272190871376,0.11885062796718723,-10.683775632649331,1.2480837017214457,5.003185676246992,14.54570906467626,9.479507407702142,-8.423685926572137,0.0,36.305659174316986,6.065325043259733,6.705735955973763,49.836632293820834,6.0127388085006235,-30.180486509943645,0.0,-7.303695973000636,-2.619157506287949,13.264343954308378,20.65610444623567,-11.309670324003097,23.13545281801821,115.86123913513748,103.2579991319225,-34.68323497529338,-15.200756576866592,5.477631126958758,93.97997497051128,96.45208370035469
42.479999979999995,-4.024396611705091,3.0007506903054537,0.8145718514304231,0.13939530523546137,0.8875604935620708,0.11795189404029083,-11.59178711593124,0.6687270564892149,4.786350777292003,13.738447278334686,7.84230989406195,-7.7046538999208725,0.0,36.03806168646471,6.5306124901384015,6.567683383139946,46.17438467937012,5.744405788194435,-29.47102360969382,0.0,-6.963395007070907,-2.9171839560445045,13.83785402235988,21.37132998273434,-11.37902309025411,23.12012955175353,116.72719806597549,103.20805882708713,-35.3914498394298,-15.369337737663779,5.205268001333323,94.45910770056766,96.48931795314118
42.486999974,-4.199527758118161,3.2823063544483526,0.6846359583902427,0.14008051556993775,0.8898047392373669,0.11719106241675709,-12.379493520135425,0.16467286422274718,4.550050443303984,13.228134537984124,6.1271776418544945,-7.053577236199897,0.0,35.584991699393214,6.930352764521521,6.463050115333156,42.5260399022223,5.469816815558073,-28.620606659772193,0.0,-6.687482011144092,-3.1703010088963084,14.330452039454935,21.897450013762256,-11.48324530701527,23.12431106491063,117.25781239234426,103.14354435296842,-35.949842452292465,-15.545083272488645,4.999044122604794,94.87292254962163,96.53280118097057
42.493999988,-4.319641845785921,3.5226184039976385,0.5837929952087173,0.14084763380767276,0.8917862314584477,0.11655559652355305,-13.057831670632586,-0.27092455262029974,4.296054259285939,12.987775475807208,4.341195627313164,-6.464278175142818,0.0,34.963310349395165,7.270504700272322,6.388798033914572,38.89033406807712,5.189540613530647,-27.642049664694383,0.0,-6.470103533401744,-3.3825913372892473,14.749493646589587,22.25165594890766,-11.6191670242402,23.14622419572389,117.48356798737738,103.06578063404669,-36.372033018542645,-15.727341874611403,4.8529468319643625,95.22735750685524,96.58196529520256
42.501000002,-4.418914772856023,3.7493853397463908,0.49055515610532713,0.14163056430635443,0.8936587537655618,0.11595458331722644,-13.700119043118812,-0.6850712767899001,4.037972954267873,12.844314595751065,2.5417022489426464,-5.905617324769637,0.0,34.2987421795876,7.593503247580897,6.323526369489011,35.30064870524975,4.922505201021658,-26.626269261448428,0.0,-6.2763923966520085,-3.5842599599375653,15.141827043013258,22.56021402628094,-11.756192560725339,23.178732949781182,117.64743241244153,102.9839619146129,-36.756052498123296,-15.91373136300892,4.722914640367675,95.56648569308574,96.6304923497063
42.508000016000004,-4.393140736340171,3.894881592691941,0.44294806147074856,0.14250836837071595,0.8948774565888766,0.11556028623216438,-14.126101747539435,-0.9705138449188233,3.7553809232496813,13.282242808419564,0.6611406875970065,-5.530785738499842,0.0,33.376853090922936,7.813581464236121,6.312137207021593,31.98708617032934,4.734914525623298,-25.387148409193617,0.0,-6.224685305857947,-3.7221983481181637,15.37391117517106,22.59488495702142,-11.899841012771718,23.27481544330265,117.4399498176919,102.87781319210684,-36.91104545768685,-16.124906169055,4.68927304303345,95.81377325329747,96.67519704584046
42.51500003,-4.36736669982432,4.040377845637492,0.3953409668361699,0.14338617243507748,0.8960961594121915,0.11516598914710233,-14.55208445196006,-1.2559564130477465,3.472788892231489,13.720171021088062,-1.2194208737486338,-5.155954152230047,0.0,32.45496400225828,8.033659680891343,6.300748044554173,28.673523635408934,4.547323850224936,-24.148027556938807,0.0,-6.172978215063885,-3.860136736298762,15.605995307328861,22.629555887761903,-12.0434894648181,23.37089793682412,117.23246722294225,102.77166446960078,-37.06603841725041,-16.336080975101076,4.655631445699226,96.0610608135092,96.71990174197461
42.522000012,-4.2233619314761235,4.126000949960106,0.37608675392705293,0.14432603963033327,0.8965528918139164,0.11489429931696692,-14.775255066103274,-1.4557191285692146,3.1675086918077935,14.719885029611618,-3.1155158916143826,-5.008052474967219,0.0,31.371518901392715,8.187628463701902,6.325772445480321,25.822056142872395,4.479037001104206,-22.792379159025653,0.0,-6.258844902294221,-3.9622025586011502,15.683525175388901,22.452090576682814,-12.155742559250402,23.52418451766893,116.88768026154281,102.64655912993335,-37.05765129091136,-16.569944410758154,4.685072388293219,96.2719345675027,96.74853375918313
42.528999984,-4.04241005943032,4.192913695338052,0.36569281655714286,0.14528530155399355,0.8967715084588943,0.11466092425399609,-14.935046902034797,-1.6287068901508523,2.855138438444878,15.895157099339883,-5.016465114642665,-4.931066394269069,0.0,30.237587546714376,8.320938048436,6.362176084966959,23.11499335108082,4.448032597695238,-21.400315903094267,0.0,-6.3877033951571836,-4.0530582040665974,15.71275683591839,22.208332690035107,-12.258184604428306,23.69534737580228,116.49998568556532,102.51552984740299,-36.99820788772774,-16.810898043168674,4.73422662461478,96.47142900705298,96.7721430642274
42.535999972,-3.8084553746822007,4.2445621938794735,0.3614989584920049,0.14628166063973372,0.8965253467190287,0.11445785010240805,-14.990783669777674,-1.7865362684280368,2.528700082567314,17.349750832160137,-6.8923635893950586,-4.994424237493867,0.0,29.0647802530458,8.442510646906465,6.407706114596905,20.720886790221634,4.4843804624373504,-20.020105432732525,0.0,-6.578848276640835,-4.141541355380933,15.66593481817025,21.869713730229087,-12.335003250515307,23.886389217670708,116.11944688710216,102.37779317613432,-36.88403558561344,-17.06163460011008,4.804466844689728,96.67628111681361,96.78306831551822
42.542999986,-3.4883711192928204,4.271406291311543,0.3673802292971218,0.14733830261385375,0.8955239201037923,0.11430401493181708,-14.877430951713999,-1.9197332738354844,2.179401060103447,19.258242267504876,-8.727554598199134,-5.285840957093451,0.0,27.828799558518092,8.545010642698525,6.468066528209728,18.83533410462758,4.630175762924971,-18.65915573892145,0.0,-6.871208539633107,-4.226169203699712,15.49552557322096,21.376945526540812,-12.370183873079585,24.109734408108626,115.75053622709983,102.22915699816589,-36.68092882273679,-17.32826840941418,4.908971788363926,96.88983944066608,96.7733819794597
42.55,-3.1682868639034396,4.298250388743611,0.37326150010223863,0.14839494458797378,0.894522493488556,0.11415017976122611,-14.764078233650324,-2.052930279242932,1.8301020376395802,21.166733702849612,-10.56274560700321,-5.577257676693036,0.0,26.592818863990388,8.647510638490584,6.52842694182255,16.94978141903353,4.775971063412591,-17.298206045110373,0.0,-7.16356880262538,-4.310797052018491,15.32511632827167,20.884177322852537,-12.405364495643864,24.33307959854654,115.38162556709749,102.08052082019748,-36.47782205986014,-17.594902218718275,5.013476732038126,97.10339776451855,96.76369564340119
42.557000013999996,-2.747637748970021,4.335373914475354,0.3739997116205911,0.14959830887717285,0.8921842762530909,0.11402921988948231,-14.3769582260125,-2.2321284285455882,1.440357027177537,23.73697189357502,-12.24259992491058,-6.284456777406816,0.0,25.366346594112024,8.783547298590857,6.587171919974936,15.988599684781999,5.094952309840119,-16.170503408189113,0.0,-7.574275610448438,-4.435216561684279,14.974573646624206,20.156352573401325,-12.373688859424922,24.57753721928034,115.11388394469708,101.92310082651528,-36.19480117362971,-17.89091171114884,5.168866011095877,97.36413012959756,96.71685781229449
42.564000027999995,-2.326988634036603,4.3724974402070975,0.3747379231389435,0.1508016731663719,0.8898460590176259,0.1139082600177385,-13.989838218374674,-2.4113265778482447,1.0506120167154938,26.30721008430043,-13.922454242817949,-6.991655878120595,0.0,24.139874324233663,8.919583958691131,6.6459168981273224,15.027417950530468,5.413933556267647,-15.042800771267856,0.0,-7.984982418271496,-4.559636071350068,14.624030964976743,19.428527823950112,-12.342013223205981,24.821994840014142,114.84614232229667,101.76568083283308,-35.911780287399296,-18.186921203579402,5.324255290153627,97.62486249467655,96.6700199811878
42.571000016,-1.8764977117468364,4.444844066037441,0.36234937122891286,0.15212269444665497,0.8867381646789732,0.11379942409874004,-13.437290932900009,-2.6630993314351663,0.6420366629487885,29.202360630585684,-15.453282687806002,-7.963232095950222,0.0,22.975410909434324,9.110032653201255,6.691548629236582,14.622989900441134,5.838770411459642,-14.154165136088464,0.0,-8.430172939701974,-4.732414318829415,14.18066580771414,18.555640122743274,-12.282472969515478,25.059314064762447,114.6120584309752,101.60724379533269,-35.597573145890955,-18.511460599697994,5.529743388567775,97.90772830908561,96.60423514991484
42.577999988,-1.4076426003147025,4.538866445774617,0.34188281105526186,0.15351612002914355,0.8831566228922048,0.11369804907373872,-12.782942245679594,-2.959533379966251,0.2218734056099836,32.29745724183084,-16.892402903305246,-9.097501924312677,0.0,21.84910679006823,9.333965676578977,6.729110669857765,14.56117950214392,6.328749179737463,-13.412647655827143,0.0,-8.896584207967788,-4.934951789578644,13.68017912699607,17.593482912763736,-12.205785258919398,25.292240430442753,114.39868698954844,101.44818088471344,-35.26417446267312,-18.853556859624607,5.7660615296627835,98.20421470769779,96.52679062623184
42.58499997,-0.9402072297256364,4.6528920128539735,0.3152576257286379,0.15495072397039888,0.8793689127833834,0.11359902410106744,-12.068558445238995,-3.291477985714681,-0.19888799478406566,35.47119650966145,-18.256305560923778,-10.323777813842431,0.0,20.758543816317808,9.58537010067056,6.760136228907368,14.679503403364674,6.861917820354008,-12.77638116524253,0.0,-9.360783053814307,-5.160044577802487,13.152409344025706,16.57396784555487,-12.126195795343218,25.51252713600433,114.16350856547903,101.2893991582908,-34.91303999131634,-19.21174568241902,6.0359076933939795,98.49620609479739,96.44606212173343
42.591999984,-0.47731502983438734,4.830927779428311,0.26892483991250077,0.15651709865970787,0.8749214640439925,0.11350751929585227,-11.162062282493805,-3.737056374558615,-0.6215634529548959,38.896592278565514,-19.379512033324037,-11.844473099107537,0.0,19.782352508537546,9.924683007046491,6.770245046927916,15.374257063042917,7.533294052454464,-12.47691784162337,0.0,-9.81790214791908,-5.45731438194509,12.537333633848007,15.370907635212141,-12.037320722230715,25.69236692918598,113.8585477969532,101.13151722129734,-34.505150997914946,-19.621430706390413,6.413043529560971,98.77381344505679,96.35482487862568
42.598999998000004,-0.014422829943138149,5.008963546002649,0.22259205409636362,0.15808347334901682,0.8704740153046017,0.11341601449063711,-10.255566119748616,-4.182634763402549,-1.044238911125726,42.321988047469574,-20.502718505724296,-13.365168384372645,0.0,18.80616120075728,10.263995913422422,6.780353864948464,16.06901072272116,8.20467028455492,-12.177454518004213,0.0,-10.275021242023852,-5.754584186087694,11.922257923670308,14.167847424869416,-11.948445649118211,25.87220672236763,113.55358702842736,100.97363528430388,-34.097262004513546,-20.0311157303618,6.790179365727963,99.0514207953162,96.26358763551791
42.606000012,0.405477517974731,5.256009203851832,0.16304086709663274,0.1596950774546373,0.8658306594272871,0.11329947372068451,-9.153816746506568,-4.737634355960442,-1.433159113851737,45.82656956412359,-21.300591332936808,-15.128071056764473,0.0,17.955819857538433,10.693453855113896,6.777031036347483,17.21233248028083,9.041915420949886,-12.211154220254627,0.0,-10.680394742292815,-6.119216493345036,11.24031428935871,12.753554798420346,-11.876506698017739,25.951365029117557,113.00937523560073,100.8150538185543,-33.557261596899416,-20.505467464641708,7.34761030958559,99.24448709982717,96.18192128395285
42.613000026,0.8182125572303706,5.514556510246823,0.10128661323296966,0.16131421979630967,0.8611546523603185,0.11317876028994232,-8.019525171515046,-5.310870815803995,-1.8164534406702781,49.34434870540259,-22.044241885951365,-16.931341627010752,0.0,17.126453508413157,11.13793596935796,6.771469599976248,18.430415587487396,9.906805374727268,-12.300381093483303,0.0,-11.077143976922475,-6.495075884454833,10.547226001024795,11.304056769286886,-11.80739043391927,26.013743088128862,112.4252882720573,100.65635576467871,-32.99524262024984,-20.99059698397303,7.935090438058322,99.42346323004674,96.10185008097822
42.62000002,1.1944864677032305,5.793955235809009,0.043851813031493034,0.16285204216342522,0.8567256042957702,0.11300683486899928,-6.792224505386253,-5.909990548468151,-2.1594744106233423,52.782739034788065,-22.579919297768466,-18.791790722978135,0.0,16.34026033746979,11.608947551228919,6.772414583146382,19.761444741041114,10.858550996692284,-12.50874539015639,0.0,-11.433308760910057,-6.883432187748946,9.83379927289384,9.73953269821357,-11.758090076268447,25.97621747758402,111.63240533946204,100.49511505810182,-32.30525592861287,-21.500332554964476,8.646556275794525,99.52126949190215,96.0409789817744
42.626999992,1.530653136515033,6.09629052245511,-0.008831588141578486,0.16430041255852826,0.8525682111338841,0.11277857625883524,-5.462613839006463,-6.537581881234974,-2.4581946880243812,56.133801671090666,-22.886826254268367,-20.71513619723873,0.0,15.601557662526531,12.109141547489463,6.780516627812023,21.216714545576707,11.905837853663694,-12.84816085261833,0.0,-11.744830649191352,-7.285535094445805,9.098000260986142,8.048479981006409,-11.730587215710033,25.828797830527407,110.60984684090975,100.33107743355353,-31.47450475048979,-22.037134782782058,9.49440639372055,99.52978889855697,96.00122799671841
42.633999968,1.8587854090894642,6.396878007701288,-0.05759687044540169,0.16570691864358147,0.8485199651317059,0.11253133506698673,-4.11794533555866,-7.16012880090356,-2.7455139329240628,59.445088458713,-23.146860390542454,-22.631348593223688,0.0,14.86275971798294,12.607070350564857,6.793663435134918,22.666512985835094,12.965139133443747,-13.194717518337683,0.0,-12.048614441561151,-7.682460365997603,8.361183428157043,6.336629225846411,-11.707809990144321,25.651454114667317,109.5392629346656,100.1662755544775,-30.60766443987885,-22.573023030275916,10.36726488599921,99.51982974919149,95.96794249396564
42.640999982,2.110590917408866,6.680861379648202,-0.06914002349136561,0.1667157137831612,0.8455086171467512,0.11210375934913565,-2.6302273799647296,-7.734753796138896,-2.924523369060847,62.378504683872904,-22.961602734671345,-24.479796745590072,0.0,14.123056712236194,13.083479818381342,6.854735487701718,24.064333465460066,14.138577429905926,-13.609115615002452,0.0,-12.278886322771742,-8.03019810367131,7.614697296574639,4.427197110134468,-11.729926297009287,25.189831745174153,108.01243765534869,99.99421325738793,-29.397977370633313,-23.100228464694418,11.477702934627912,99.33432431763299,95.9960790730932
42.647999995999996,2.362396425728268,6.964844751595115,-0.08068317653732954,0.1677245089227409,0.8424972691617966,0.11167618363128458,-1.1425094243707994,-8.30937879137423,-3.103532805197631,65.3119209090328,-22.776345078800237,-26.328244897956456,0.0,13.383353706489448,13.559889286197826,6.915807540268518,25.46215394508504,15.312015726368102,-14.02351371166722,0.0,-12.509158203982334,-8.377935841345018,6.868211164992236,2.517764994422526,-11.752042603874255,24.72820937568099,106.48561237603177,99.82215096029834,-28.188290301387777,-23.627433899112916,12.588140983256615,99.1488188860745,96.02421565222076
42.65500001,2.556952405001112,7.18509856453163,-0.04163776675256453,0.1682668065044085,0.840526270478174,0.11106839839601194,0.43105605134132485,-8.765729997205103,-3.1869991617116034,67.79583158726669,-22.208370099579955,-27.990846867377865,0.0,12.574996114695097,13.954174617322437,7.040153011923792,26.63646724442229,16.49993106291942,-14.378419340593023,0.0,-12.697631555335752,-8.622926393119984,6.133311554408515,0.4839777890657213,-11.80685267418588,23.98428534436677,104.64787160592299,99.64675779701892,-26.664574697190613,-24.08566520864564,13.841766723405547,98.86447693865665,96.11422985503444
42.662000024,2.728608572655332,7.379860553863986,0.01764306816449264,0.16862250506291124,0.8389714115150841,0.11038852935377066,2.0389605351007276,-9.174771687274188,-3.23224828637645,70.09994004673015,-21.48730819102,-29.579110363621286,0.0,11.739176688481706,14.315610293770298,7.189807851214456,27.721377671644447,17.693637215506392,-14.70952798242324,0.0,-12.869385494746302,-8.82681807053545,5.403046552224266,-1.59955145214903,-11.874740249876169,23.12744064832413,102.68576463949744,99.47003228726356,-25.015247679012795,-24.516306868224053,15.152667540162572,98.54060038489506,96.22899510732256
42.669000024,2.8754097601902298,7.525038894262935,0.10640530423265807,0.16873947846208687,0.8378818357633777,0.10963622423703331,3.674356184129055,-9.499150766284357,-3.2368347070683754,72.14459578070321,-20.58784553408394,-31.03616676359881,0.0,10.85020102778019,14.611771639314501,7.37457234534845,28.643795456546126,18.847440177376438,-14.97879696550381,0.0,-13.029056183255802,-8.95843395421805,4.685294239150293,-3.7209232732048445,-11.95440112167472,22.132315827474375,100.64615001809952,99.29526803628761,-23.226197597988385,-24.88571053533742,16.489874210809628,98.2159606106495,96.37359881212919
42.675999996,2.9725009874864825,7.571049936795074,0.25413034260304124,0.1683790015426083,0.8377228264344384,0.10873904697130382,5.364734163695234,-9.654204623176698,-3.160095719814459,73.67034606369546,-19.33158138039566,-32.23080897104454,0.0,9.85491289810243,14.777384323051383,7.629556149169105,29.241227956806828,19.921436757812636,-15.124386631085091,0.0,-13.1645603699632,-8.945498250434907,3.992567304296872,-5.917980253942789,-12.057608585689795,20.8606307570104,98.45152008675682,99.12442630287052,-21.157701391270795,-25.132638217520693,17.87969258923674,97.88979439543601,96.57787942197284
42.682999968000004,3.069592214782735,7.617060979327213,0.40185538097342444,0.1680185246231297,0.837563817105499,0.10784186970557431,7.055112143261413,-9.809258480069037,-3.0833567325605418,75.19609634668771,-18.075317226707384,-33.42545117849027,0.0,8.85962476842467,14.942997006788264,7.884539952989758,29.838660457067533,20.995433338248837,-15.269976296666371,0.0,-13.300064556670597,-8.932562546651765,3.2998403694434506,-8.115037234680731,-12.160816049704872,19.588945686546428,96.25689015541413,98.95358456945343,-19.089205184553204,-25.37956589970397,19.26951096766385,97.56362818022252,96.78216003181649
42.68999998,3.0945443737444243,7.490912399529752,0.6337576881344725,0.16709532013168563,0.8384366871679252,0.1068662018888354,8.782857999563216,-9.680574597482416,-2.9236256169299146,75.9053349493297,-16.390535568438494,-34.189782595165426,0.0,7.703365615511514,14.872640556951929,8.22844724518512,29.904349977514464,21.81482974427108,-15.20705879341899,0.0,-13.404856440652338,-8.680535793895139,2.659271398378548,-10.356994392105154,-12.285809824562328,17.980152906380226,94.11415130628063,98.80199956600136,-16.72101255050267,-25.394758346829285,20.589727561376254,97.4044228677573,97.05567300187269
42.696999994,3.1158895792893855,7.356155838615812,0.8698688587350543,0.1661439792616433,0.8393611511999196,0.10588660954454601,10.512472249701801,-9.537703827921845,-2.759744894880452,76.57374796795419,-14.684328034940574,-34.932598472302054,0.0,6.53905791143659,14.790485650436933,8.576800711799216,29.943452348970702,22.621496141572624,-15.13371593173017,0.0,-13.508112709497798,-8.416554488689838,2.0213103255030713,-12.601196558363903,-12.411892914961905,16.354504740728913,91.9740070112576,98.65137739904753,-14.337835095085484,-25.3983640322017,21.906464065852923,97.2535656004295,97.33264758993953
42.704000008,3.0894426840543825,7.1195291167935375,1.146597030961736,0.16501229237708803,0.840703569552873,0.10497069910005068,12.230224434691685,-9.228537416196755,-2.5744086053305777,76.74221486156385,-12.826980382741391,-35.423756419540624,0.0,5.302390512975023,14.559287454127874,8.955861125496297,29.68029652049991,23.20092143428339,-14.948589768164831,0.0,-13.582111502750857,-8.017960542469046,1.422399621682465,-14.835793704577958,-12.543697378884302,14.601869793396736,90.02882401589697,98.51920747784828,-11.867869982692598,-25.25441980389599,23.10110982898201,97.29012984852741,97.63133193150894
42.711000022,3.027151713234407,6.806499774290013,1.453787954407993,0.16374534598164808,0.8423594536465455,0.10410255008040087,13.939080070820044,-8.794649272848272,-2.3729806401553946,76.53572216141241,-10.856277641516261,-35.726170919355646,0.0,4.011453343723476,14.216306790473265,9.357951749505617,29.190447042083832,23.609915898551066,-14.679626128192098,0.0,-13.634167189309618,-7.5184071154866325,0.8527766946530119,-17.063187085758493,-12.679792872948811,12.75399475980391,88.22986199528316,98.40087674096495,-9.332814127567932,-24.99981314033168,24.204187536100417,97.46726023319465,97.9462985882053
42.718000028,2.94775514498745,6.466011580206865,1.7690387547610924,0.16248194728226914,0.8441114925675823,0.10328913258651856,15.627768158370188,-8.315262340359757,-2.174597960199848,76.16791821962876,-8.883350243248747,-35.95480161695099,0.0,2.710105353090184,13.828677464973497,9.759774862558631,28.619896492252334,23.925009959353748,-14.383755252337778,0.0,-13.670778209233,-6.98567443734487,0.2972170339718423,-19.275486936336414,-12.815202716842695,10.896439719143999,86.53384473116003,98.28969968537456,-6.803634782789111,-24.701795938955726,25.24851987744142,97.71963618982184,98.25997424206233
42.724999999999994,2.795659787675822,6.008823266910316,2.1185440319682707,0.16123362629114957,0.8462721895049168,0.10270832407714808,17.230744164462923,-7.642505554026098,-1.9891577424277536,75.1145415009083,-6.900968052551116,-35.86985115511273,0.0,1.3645113715844792,13.251291326631797,10.160461054047344,27.70636638890528,23.841027305430195,-13.973528623986722,0.0,-13.641749395956014,-6.311929941775876,-0.1985737447291212,-21.423639281853227,-12.947698547511415,8.997744648448977,85.27534268212236,98.20892577527914,-4.299430606980129,-24.219283951880325,26.04318441422849,98.29180582727884,98.5681631338523
42.731999972,2.643564430364194,5.5516349536137675,2.4680493091754494,0.15998530530002997,0.8484328864422512,0.10212751556777762,18.833720170555655,-6.96974876769244,-1.8037175246556596,74.06116478218784,-4.918585861853483,-35.78490069327446,0.0,0.0189173900787738,12.673905188290096,10.561147245536057,26.79283628555823,23.757044651506646,-13.563301995635664,0.0,-13.612720582679028,-5.638185446206882,-0.6943645234300846,-23.571791627370036,-13.080194378180135,7.099049577753956,84.01684063308467,98.12815186518374,-1.795226431171149,-23.736771964804923,26.837848951015566,98.86397546473582,98.87635202564226
42.738999977999995,2.4236793604771414,5.023287674721346,2.8258549330692078,0.15898884589453924,0.8509385989259733,0.10184878942776841,20.2662623332892,-6.172245442975582,-1.6687473425962973,72.37262594453104,-3.128504606942163,-35.43723401522301,0.0,-1.3108711239127033,11.955133450304526,10.917860566916769,25.658262380104798,23.23611802147859,-13.086407324470189,0.0,-13.501371148762338,-4.89739383717426,-1.138133088119063,-25.60086874943919,-13.198934220903885,5.299323381239215,83.24465488406615,98.0763437617525,0.547799621900984,-23.12110330673126,27.354170509747657,99.72297504968499,99.14410245114487
42.745999992,2.1878437699841062,4.478197109806367,3.18561357971275,0.15805164803860822,0.8535254915382572,0.10164114149231479,21.658702415232344,-5.3453899915803245,-1.545652463057578,70.53463719653628,-1.383670631039387,-35.02775175688612,0.0,-2.636940704371421,11.20309451240275,11.264227330625008,24.471678168273396,22.612381044131823,-12.593826054995441,0.0,-13.37065215704807,-4.140826436738432,-1.5696611318640445,-27.601928171873606,-13.314437360581762,3.522883978649245,82.58689649975804,98.03135114224223,2.852901410799741,-22.474103667246244,27.804999603055048,100.64946403404407,99.40233794340341
42.753000006,1.9260071447216376,3.923991521714749,3.5375770649025395,0.15732214379206608,0.8562807149853274,0.10157909030353052,22.91756206694776,-4.496046318784447,-1.4617798229326482,68.40123419626313,0.18519084297684757,-34.50157487083993,0.0,-3.9291285355182444,10.411908228174868,11.572352746434618,23.241574299134523,21.763546419302664,-12.085295015615543,0.0,-13.1977655885158,-3.3914434109164775,-1.9851646573584327,-29.507301149395644,-13.418645228664973,1.8597883482742052,82.15498922602227,97.99932331760898,5.016979615203913,-21.791205771715095,28.116161052494803,101.6749559172579,99.6261690275036
42.76000002,1.6295024730999241,3.357632569387611,3.879147001487326,0.15686956435804245,0.8592603795454463,0.1017111681103054,23.99831447835954,-3.616718350787739,-1.4302035020261044,65.87394552628548,1.5194223144776944,-33.81980514784802,0.0,-5.176140700915877,9.568525482178845,11.829489698379385,21.953444220252365,20.614581597830313,-11.555497616362112,0.0,-12.968655584226191,-2.651639551246355,-2.3793021585186964,-31.285092200367853,-13.507792734621964,0.34781774751907024,82.02421676638293,97.98458188614508,6.993026373615307,-21.060443534789105,28.241098976777714,102.83245166561137,99.80412756739261
42.767000032,1.3318296406663501,2.7933791896674403,4.2188313077629624,0.1564409590933978,0.8622533419169846,0.1018533744550173,25.061033364106564,-2.7397120767310175,-1.4032297398108189,63.320235891557545,2.8314169827827214,-33.126752566326495,0.0,-6.41732802867903,8.725296167033589,12.081959221633722,20.668878345860115,19.444638029869314,-11.025117313600997,0.0,-12.736214531598815,-1.9167597245661738,-2.7734261339506108,-33.048556307070676,-13.595642946719327,-1.1472140316114963,81.91109878789827,97.9710217804588,8.94969458263713,-20.32966145679575,28.353124201929262,103.99362730823422,99.97772242754688
42.774000004,1.0107935919955704,2.2712372620866046,4.520803007855589,0.15649183721633303,0.8655122605169074,0.10219815155846987,25.763081736558433,-1.9091396814740111,-1.4683071514206907,60.23810696182388,3.69867558717137,-32.20804281421255,0.0,-7.542018603752626,7.885135468903646,12.241080171079451,19.45559656126605,17.855119532135465,-10.483078940686234,0.0,-12.437152512216098,-1.2803605576848054,-3.167279594815533,-34.525481528385804,-13.657547281624153,-2.303469378250723,82.15107043250696,97.98108819032474,10.518791803867545,-19.598482557455096,28.206895444453572,105.22840083624493,100.06404369300584
42.780999976000004,0.6897575433247908,1.7490953345057692,4.822774707948216,0.15654271533926828,0.8687711791168303,0.10254292866192244,26.465130109010307,-1.0785672862170046,-1.5333845630305625,57.15597803209022,4.565934191560018,-31.2893330620986,0.0,-8.666709178826222,7.0449747707737025,12.40020112052518,18.24231477667198,16.265601034401616,-9.94104056777147,0.0,-12.138090492833381,-0.643961390803437,-3.561133055680455,-36.00240674970094,-13.719451616528978,-3.4597247248899503,82.39104207711563,97.99115460019068,12.08788902509796,-18.867303658114437,28.060666686977882,106.46317436425564,100.15036495846482
42.787999976,0.3788587458000807,1.292172897201688,5.088743434508872,0.1568498472487345,0.8720520659118666,0.10292377005126449,26.907229627480884,-0.3360192633022933,-1.6493803596577379,53.8240117634154,5.159275622423163,-30.228092762910947,0.0,-9.686936382334713,6.267276798921619,12.503946601115375,17.191718905027535,14.482974639751834,-9.39691896432043,0.0,-11.821422801940667,-0.11486341082518997,-3.976519705720141,-37.2357073983212,-13.768937291919803,-4.356204050002859,82.76354651365837,98.01552526762384,13.371557934182567,-18.184039720511187,27.782437036948426,107.65885409530486,100.18004001822428
42.79499999,0.07302857384840533,0.8678602050359834,5.336710674303541,0.1572851060514662,0.8753439368044593,0.1033226435835513,27.219354718960815,0.3625165734412714,-1.7908353487935644,50.367126825270006,5.615658466523558,-29.095587190186446,0.0,-10.654931900060653,5.520810190208465,12.580004347277805,16.222465989857902,12.603794296644088,-8.85175574560125,0.0,-11.495952275292957,0.36058397570149725,-4.402672950347209,-38.34719576059404,-13.812213637553628,-5.12279536435261,83.20231734616812,98.04704806384062,14.512512687194274,-17.524733263776636,27.438206940642086,108.83498692787335,100.181391975134
42.802000004,-0.21874824918289765,0.4807151976601849,5.566685752494826,0.15777618573935626,0.8785480392894591,0.10370085806138443,27.433330296436377,1.0090142345782087,-1.9424940180056889,46.86776971926006,5.990840571325208,-27.90973121023652,0.0,-11.568887633305236,4.820706652079391,12.639856866424692,15.365706740199276,10.697092663696342,-8.306971070057005,0.0,-11.175723612214957,0.7844794567245399,-4.841485222831472,-39.3440608225354,-13.854176430957544,-5.783380455521435,83.65908010641978,98.084246554193,15.539678147574344,-16.899936887044166,27.05965654671607,109.96808381279698,100.16384154196783
42.809000018,-0.47539169991327057,0.1864894022591494,5.751680426677653,0.15840681764014222,0.8815327207554764,0.10402742490308343,27.401932088901027,1.5254164566985808,-2.119661887408556,43.26223219358876,6.163020827879998,-26.590499212223037,0.0,-12.347743905346432,4.23651079041051,12.659196318032716,14.79018165431816,8.7215878061486,-7.763132752450095,0.0,-10.868599608061233,1.0794951739884748,-5.3119450649587225,-40.05436763364806,-13.892855343786689,-6.17894998873795,84.16082268602625,98.13563427988439,16.28237037637533,-16.361415710316894,26.59530540874085,110.9935908286085,100.09903513361195
42.816000032,-0.7320351506436436,-0.1077363931418861,5.93667510086048,0.1590374495409282,0.8845174022214936,0.10435399174478244,27.370533881365677,2.041818678818953,-2.296829756811424,39.65669466791745,6.335201084434787,-25.27126721420956,0.0,-13.126600177387628,3.65231492874163,12.678535769640742,14.214656568437045,6.746082948600858,-7.219294434843185,0.0,-10.56147560390751,1.3745108912524096,-5.782404907085972,-40.76467444476072,-13.931534256615835,-6.574519521954466,84.66256526563271,98.18702200557578,17.025062605176316,-15.82289453358962,26.13095427076563,112.01909784442005,100.03422872525607
42.823000008,-0.9233296685437009,-0.2802354055530436,6.0608520351916155,0.15969527269982506,0.8869065260595077,0.10456206677217199,27.10693886976051,2.386317341407043,-2.4602521861346895,36.15361920795968,6.375332167468949,-23.835251667447935,0.0,-13.70597572052606,3.2422510343808097,12.665021049810134,14.102071740699838,4.859000841364048,-6.689882575705011,0.0,-10.302582063236773,1.52416467368128,-6.27667382520434,-41.115441000099985,-13.977515051931574,-6.687892797639146,85.15175464014018,98.25503365535029,17.465623046870654,-15.409550447771924,25.626085840427315,112.86872390548622,99.93108703090671
42.82999998,-1.1077453514089888,-0.4399210723863204,6.178627102169941,0.1603559580964178,0.88923295962089,0.10475766897700263,26.818902089305883,2.7127208924654207,-2.6222277270285232,32.66132922860333,6.401563337500941,-22.38694311555493,0.0,-14.264353292201045,2.8505168207892573,12.648047996143879,14.038217466451458,2.9812263920547033,-6.161989291142493,0.0,-10.048765413458982,1.6585171998117236,-6.773448961848089,-41.42836121272626,-14.024264466456428,-6.7715612041099495,85.63962262463724,98.32479519187038,17.874380142553765,-15.009382897839444,25.11695243194552,113.69983618184236,99.82391004329489
42.836999974,-1.248113643544845,-0.54181387570095,6.26217915055473,0.16099720946665036,0.8910614748566393,0.1048876970156883,26.449291665545896,2.9574268732428513,-2.7507481745731535,29.37228641713162,6.40441148091194,-20.93002314151721,0.0,-14.694117401036147,2.550436322701134,12.612509965782618,14.282487074480052,1.2321927680699027,-5.663802938754651,0.0,-9.833490288935382,1.736342575037704,-7.259880449621441,-41.556255983015376,-14.078480168274423,-6.735267943220362,86.10870808288966,98.4026853851546,18.147590877761747,-14.674236398529814,24.620829816495874,114.42646816946112,99.7065834604716
42.843999988,-1.348438853199399,-0.5911677121804446,6.314619363854486,0.16162079354019182,0.892437337069086,0.10495811217606033,26.005523384235573,3.1278623355830555,-2.8488549008912343,26.268013758282315,6.386002327394763,-19.465274601893377,0.0,-15.006960180016803,2.333677384161584,12.560094683880438,14.806869302760447,-0.3998037419834932,-5.192622888343785,0.0,-9.653252914642867,1.7627796312596251,-7.736908620239887,-41.51594580572526,-14.139483403995275,-6.589918621094051,86.5607185172833,98.48796526640622,18.29757764890142,-14.398199945240956,24.13653519471182,115.05811807640954,99.58002997291062
42.851000002,-1.4362738678135485,-0.6314192474845368,6.359270379908749,0.16224609998461348,0.8936487621929219,0.10501625812637293,25.55246638052843,3.285381713342872,-2.932872537560799,23.255438040012475,6.368082606293579,-18.022308348418147,0.0,-15.282990646644318,2.133012601918332,12.499743560057551,15.419617715908403,-1.9868090633524689,-4.7408600594652475,0.0,-9.484451596399653,1.7842449701325531,-8.202275353690684,-41.435698990419226,-14.20242124250507,-6.4243160540129125,87.00932086137212,98.57484169021714,18.419674567839863,-14.134467952307123,23.66447891074941,115.66373412392508,99.45337946677657
42.858000016000005,-1.449167712185269,-0.6170569757362127,6.357186212490059,0.1628817406543164,0.8938735647850921,0.10500078881632888,25.043677042440343,3.3654045836203608,-2.932355636339265,20.79304396521944,6.353099479688354,-16.710035811834512,0.0,-15.338147239152983,2.0289127574528676,12.391777384710423,16.562563238261752,-3.3038672526149133,-4.405600559780676,0.0,-9.384266614452269,1.7758800049115195,-8.597673464135596,-41.115832347017744,-14.27696669774852,-6.137194017202799,87.43747466363183,98.67129736938388,18.374432373570887,-13.944562721503432,23.265852653716845,116.11314701484335,99.32614684920397
42.865000030000004,-1.4620615565569894,-0.6026947039878885,6.3551020450713676,0.16351738132401936,0.8940983673772623,0.10498531950628483,24.534887704352254,3.445427453897849,-2.9318387351177315,18.3306498904264,6.338116353083129,-15.39776327525088,0.0,-15.393303831661646,1.9248129129874032,12.283811209363293,17.705508760615103,-4.6209254418773575,-4.070341060096105,0.0,-9.284081632504883,1.767515039690486,-8.993071574580506,-40.795965703616254,-14.35151215299197,-5.850071980392687,87.86562846589156,98.76775304855063,18.32919017930191,-13.754657490699742,22.86722639668428,116.5625599057616,99.19891423163136
42.872000012,-1.4103003153359468,-0.5828021308441607,6.327780821251869,0.16425419390121027,0.8933701789818018,0.10493405172632764,24.02707272587928,3.5168206022038864,-2.8466389326176578,16.50578412608499,6.335809800876835,-14.348039410166303,0.0,-15.254551503426088,1.8373344152264535,12.112147291926814,19.3078321981395,-5.7087225120615575,-3.9282528063491715,0.0,-9.242575409374934,1.7908769838166836,-9.28032338751788,-40.32629140544688,-14.433627036630554,-5.509622352158675,88.29126884275252,98.86934467439575,18.16376455026049,-13.594343322169538,22.568971601390263,116.88933995713346,99.08085556653928
42.878999984,-1.3383343598671655,-0.5611813385143692,6.292573017307117,0.1650226226994912,0.8923441809027067,0.10487159692452258,23.519562234786026,3.585516962393845,-2.73497572346804,14.880145958759712,6.337464678170209,-13.380362004925184,0.0,-15.055202637457962,1.7550500883106646,11.92057783008741,21.05371123415485,-6.724875482533804,-3.8465305669577514,0.0,-9.219406298375432,1.824153587113891,-9.53377948248415,-39.80980221516255,-14.518107366642619,-5.152507851604694,88.71612377417635,98.97254128357787,17.96078159785268,-13.443276360599794,22.302082887889544,117.17779724614705,98.96566376159736
42.885999972,-1.2370133223389568,-0.5560861504583243,6.256050091816272,0.165883451831757,0.8908448045153141,0.10480059273760517,23.027444659210524,3.6772796401095995,-2.5857106951474504,13.612488807763247,6.3506107148489,-12.604341092150548,0.0,-14.764050709697878,1.6456190427955528,11.69140510995626,23.007526134710858,-7.653209702232593,-3.9130598845650817,0.0,-9.222608385548654,1.8966102595954,-9.716855112322278,-39.2445695655064,-14.605703736230113,-4.784074024712329,89.14353847983887,99.07733060699246,17.700512185107446,-13.291685670804217,22.094057237614642,117.40885765322291,98.8574322001144
42.892999986,-1.087990276464179,-0.5778450693471173,6.217390093813024,0.16689443150674832,0.8885761883769379,0.10471569579988016,22.560340571351368,3.8065250838047726,-2.3753427106740315,12.926550808301105,6.382429885528734,-12.139761979633953,0.0,-14.323718806525868,1.4920745795565407,11.401127095101021,25.299236815145434,-8.438838451924516,-4.220497982295383,0.0,-9.268663669752549,2.0327345445013996,-9.785562486327175,-38.60012879437106,-14.698363670127682,-4.397246292520089,89.57511281863921,99.18470809103485,17.347152274313903,-13.139243922641654,21.981684065081698,117.54664812714998,98.76051103425223
42.9,-0.9389672305894009,-0.5996039882359104,6.178730095809777,0.16790541118173963,0.8863075722385617,0.10463079886215515,22.09323648349221,3.9357705274999453,-2.164974726200612,12.240612808838963,6.4142490562085674,-11.675182867117355,0.0,-13.883386903353857,1.3385301163175287,11.110849080245782,27.590947495580014,-9.224467201616438,-4.527936080025684,0.0,-9.314718953956444,2.168858829407399,-9.854269860332073,-37.95568802323572,-14.79102360402525,-4.0104185603278495,90.00668715743957,99.29208557507724,16.993792363520356,-12.986802174479092,21.869310892548754,117.68443860107703,98.66358986839008
